[
  {
    "keyword": "Feature",
    "line": 21,
    "name": "Test Get and Post service calls",
    "tags": [],
    "uri": "features/documentation.feature",
    "elements": [
      {
        "keyword": "Scenario",
        "line": 29,
        "name": "Get call",
        "tags": [],
        "id": "test-get-and-post-service-calls;get-call",
        "steps": [
          {
            "arguments": [],
            "keyword": "Given ",
            "name": "I make a call  to the api \"https://jsonplaceholder.typicode.com/posts/1\"",
            "result": {
              "status": "passed",
              "duration": 108
            },
            "line": 24,
            "match": {
              "location": "/node_modules/cucumber/lib/index.js:176"
            }
          },
          {
            "arguments": [],
            "keyword": "Then ",
            "name": "I validate the status code in response as \"200\"",
            "result": {
              "status": "passed",
              "duration": 1
            },
            "line": 25,
            "match": {
              "location": "node_modules/cucumber/lib/index.js:176"
            }
          },
          {
            "arguments": [],
            "keyword": "And ",
            "name": "I Validate the userId as \"1\"",
            "result": {
              "status": "passed",
              "duration": 0
            },
            "line": 26,
            "match": {
              "location": "node_modules/cucumber/lib/index.js:176"
            }
          }
        ]
      },
      {
        "keyword": "Scenario",
        "line": 35,
        "name": "Post call",
        "tags": [],
        "id": "test-get-and-post-service-calls;post-call",
        "steps": [
          {
            "arguments": [],
            "keyword": "Given ",
            "name": "I make a Post call to the  api \"https://jsonplaceholder.typicode.com/posts\" with \"{ title: 'foo', body: 'bar', userId: 1 }\" and I validate the status as \"201\" and userid as \"1\"",
            "result": {
              "status": "passed",
              "duration": 0
            },
            "line": 32,
            "match": {
              "location": "node_modules/cucumber/lib/index.js:176"
            }
          }
        ]
      }
    ],
    "id": "test-get-and-post-service-calls"
  }
]